code_article;url_chausson
0217566;https://www.chausson.fr/materiaux/bande-joint-3d-gypso-papier-kraft-joints-droits-concaves-largeur-p-65380-1
0222616;https://www.chausson.fr/materiaux/bande-joint-3d-gypso-papier-kraft-joints-droits-concaves-largeur-p-65380-1
0263328;https://www.chausson.fr/materiaux/bande-joint-3d-gypso-papier-kraft-joints-droits-concaves-largeur-p-65380-1
0217568;https://www.chausson.fr/materiaux/bande-joint-armee-gypso-jointoiement-plaques-platre-rouleau-p-65385-1
0222615;https://www.chausson.fr/materiaux/bande-joint-armee-gypso-jointoiement-plaques-platre-rouleau-p-65385-1
0263327;https://www.chausson.fr/materiaux/bande-joint-armee-gypso-jointoiement-plaques-platre-rouleau-p-65385-1
0263329;https://www.chausson.fr/materiaux/bande-joint-3d-gypso-papier-kraft-joints-droits-concaves-largeur-p-65383-1
0050560;https://www.chausson.fr/materiaux/bandes-joints-renfort-angles-bande-joint-armee-50-p-154995-1
0050551;https://www.chausson.fr/materiaux/bandes-joints-renfort-angles-bande-joint-pp-p-831253-1
0194795;https://www.chausson.fr/materiaux/trappe-visite-gypso-avec-plaque-platre-hydro-cadre-alu-p-628928-1
0217676;https://www.chausson.fr/materiaux/trappe-visite-gypso-avec-plaque-platre-hydro-cadre-alu-p-628928-1
0263181;https://www.chausson.fr/materiaux/trappe-visite-gypso-avec-plaque-platre-hydro-cadre-alu-p-628928-1
0194798;https://www.chausson.fr/materiaux/trappe-visite-gypso-avec-plaque-platre-hydro-cadre-alu-p-628929-1
0217677;https://www.chausson.fr/materiaux/trappe-visite-gypso-avec-plaque-platre-hydro-cadre-alu-p-628929-1
0263182;https://www.chausson.fr/materiaux/trappe-visite-gypso-avec-plaque-platre-hydro-cadre-alu-p-628929-1
0194799;https://www.chausson.fr/materiaux/trappe-visite-gypso-avec-plaque-platre-hydro-cadre-alu-p-628933-1
0217678;https://www.chausson.fr/materiaux/trappe-visite-gypso-avec-plaque-platre-hydro-cadre-alu-p-628933-1
0263183;https://www.chausson.fr/materiaux/trappe-visite-gypso-avec-plaque-platre-hydro-cadre-alu-p-628933-1
0194801;https://www.chausson.fr/materiaux/trappe-visite-gypso-avec-plaque-platre-hydro-cadre-alu-p-628936-1
0217680;https://www.chausson.fr/materiaux/trappe-visite-gypso-avec-plaque-platre-hydro-cadre-alu-p-628936-1
0263186;https://www.chausson.fr/materiaux/trappe-visite-gypso-avec-plaque-platre-hydro-cadre-alu-p-628936-1
0162399;https://www.chausson.fr/materiaux/trappe-visite-gypso-avec-plaque-platre-hydro-cadre-alu-p-628936-1
0162395;https://www.chausson.fr/materiaux/trappe-visite-gypso-avec-plaque-platre-hydro-cadre-alu-p-628928-1
0162397;https://www.chausson.fr/materiaux/trappe-visite-gypso-avec-plaque-platre-hydro-cadre-alu-p-628933-1
0162398;https://www.chausson.fr/materiaux/trappe-visite-gypso-avec-plaque-platre-hydro-cadre-alu-p-628934-1
0194794;https://www.chausson.fr/materiaux/trappe-visite-metallique-gypso-acier-zingue-avec-laquage-blanc-p-628914-1
0263235;https://www.chausson.fr/materiaux/trappe-visite-metallique-gypso-acier-zingue-avec-laquage-blanc-p-628914-1
0228273;https://www.chausson.fr/materiaux/trappe-visite-metallique-gypso-acier-zingue-avec-laquage-blanc-p-628914-1
0120582;https://www.chausson.fr/materiaux/trappe-visite-knauf-plt-avec-tole-prelaquee-p-686425-1
0194793;https://www.chausson.fr/materiaux/trappe-visite-metallique-gypso-acier-zingue-avec-laquage-blanc-p-628917-1
0228275;https://www.chausson.fr/materiaux/trappe-visite-metallique-gypso-acier-zingue-avec-laquage-blanc-p-628917-1
0263236;https://www.chausson.fr/materiaux/trappe-visite-metallique-gypso-acier-zingue-avec-laquage-blanc-p-628917-1
0136946;https://www.chausson.fr/materiaux/trappe-visite-knauf-plt-avec-tole-prelaquee-p-373153-1
0194792;https://www.chausson.fr/materiaux/trappe-visite-metallique-gypso-acier-zingue-avec-laquage-blanc-p-628921-1
0228276;https://www.chausson.fr/materiaux/trappe-visite-metallique-gypso-acier-zingue-avec-laquage-blanc-p-628921-1
0263237;https://www.chausson.fr/materiaux/trappe-visite-metallique-gypso-acier-zingue-avec-laquage-blanc-p-628921-1
0117327;https://www.chausson.fr/materiaux/trappe-visite-knauf-plt-avec-tole-prelaquee-p-373152-1
0194791;https://www.chausson.fr/materiaux/trappe-visite-metallique-gypso-acier-zingue-avec-laquage-blanc-p-628925-1
0228277;https://www.chausson.fr/materiaux/trappe-visite-metallique-gypso-acier-zingue-avec-laquage-blanc-p-628925-1
0263238;https://www.chausson.fr/materiaux/trappe-visite-metallique-gypso-acier-zingue-avec-laquage-blanc-p-628925-1
0117328;https://www.chausson.fr/materiaux/trappe-visite-knauf-plt-avec-tole-prelaquee-p-373151-1
0172934;https://www.chausson.fr/materiaux/trappe-visite-metallique-gypso-acier-zingue-avec-laquage-blanc-p-628926-1
0263239;https://www.chausson.fr/materiaux/trappe-visite-metallique-gypso-acier-zingue-avec-laquage-blanc-p-628926-1
0228278;https://www.chausson.fr/materiaux/trappe-visite-metallique-gypso-acier-zingue-avec-laquage-blanc-p-628926-1
0212449;https://www.chausson.fr/materiaux/trappe-visite-knauf-plt-avec-tole-prelaquee-p-100998-1
0222620;https://www.chausson.fr/materiaux/vis-auto-perceuse-trpf-gypso-acier-zingue-35mm-longueur-95mm-boite-500-p-353373-1
0263299;https://www.chausson.fr/materiaux/vis-auto-perceuse-trpf-gypso-acier-zingue-35mm-longueur-95mm-boite-500-p-353373-1
0185695;https://www.chausson.fr/materiaux/vis-ttpc-gypso-fixation-plaques-platre-p-104712-1
0217563;https://www.chausson.fr/materiaux/vis-ttpc-gypso-fixation-plaques-platre-p-104712-1
0263303;https://www.chausson.fr/materiaux/vis-ttpc-gypso-fixation-plaques-platre-p-104712-1
0185696;https://www.chausson.fr/materiaux/vis-ttpc-gypso-fixation-plaques-platre-p-104714-1
0217564;https://www.chausson.fr/materiaux/vis-ttpc-gypso-fixation-plaques-platre-p-104714-1
0263304;https://www.chausson.fr/materiaux/vis-ttpc-gypso-fixation-plaques-platre-p-104714-1
0230821;https://www.chausson.fr/materiaux/vis-ttpc-gypso-fixation-plaques-platre-p-104715-1
0247958;https://www.chausson.fr/materiaux/vis-ttpc-gypso-fixation-plaques-platre-p-104715-1
0263305;https://www.chausson.fr/materiaux/vis-ttpc-gypso-fixation-plaques-platre-p-104715-1
0229447;https://www.chausson.fr/materiaux/vis-ttpc-gypso-fixation-plaques-platre-p-639148-1
0263306;https://www.chausson.fr/materiaux/vis-ttpc-gypso-fixation-plaques-platre-p-639148-1
0229448;https://www.chausson.fr/materiaux/vis-ttpc-gypso-fixation-plaques-platre-p-639149-1
0263307;https://www.chausson.fr/materiaux/vis-ttpc-gypso-fixation-plaques-platre-p-639149-1
0062811;https://www.chausson.fr/materiaux/vis-trpf-13-p-155158-1
